,baseline_share,recent_share,change
Industrials,0.06342249694962954,0.10312730987307467,0.03970481292344513
B2B,0.6336853690656903,0.6440110354320494,0.01032566636635912
Real Estate and Construction,0.021269601287150705,0.025023252440535784,0.003753651153385079
Unspecified,0.0,0.0,0.0
Government,0.009046392402290828,0.006153438007758845,-0.002892954394531983
Consumer,0.0765033207477077,0.06953245660358376,-0.006970864144123942
Education,0.014696000027181955,0.0030120481927710845,-0.011683951834410872
Fintech,0.08483120225878171,0.07240065413877414,-0.012430548120007573
Healthcare,0.0965456172615673,0.0767398053114523,-0.019805811950114993
